id,prenom,nom,sexe,sortante,circonscription,parti,lien,twitter
46,Alexandre,Nanchi,homme,,001-02,LR,https://republicains.fr/actualites/2021/11/19/decision-de-la-commission-nationale-dinvestiture/,
47,Véronique,Baude,femme,,001-03,LR,https://republicains.fr/actualites/2021/11/19/decision-de-la-commission-nationale-dinvestiture/,
48,Aurane,Reihanian,homme,,001-04,LR,https://republicains.fr/actualites/2021/11/19/decision-de-la-commission-nationale-dinvestiture/,
106,Paul,Mougenot,homme,,002-01,LR,https://republicains.fr/actualites/2021/12/09/decision-de-la-commission-nationale-dinvestiture-3/,
107,David,Bobin,homme,,002-04,LR,https://republicains.fr/actualites/2021/12/09/decision-de-la-commission-nationale-dinvestiture-3/,
108,Jade,Gilquin,femme,,002-05,LR,https://republicains.fr/actualites/2021/12/09/decision-de-la-commission-nationale-dinvestiture-3/,
199,Pierre-André,Pérrissol,homme,,003-01,LR,https://republicains.fr/actualites/2021/12/17/decision-de-la-commission-nationale-dinvestiture-4/,
200,Jean-Jacques,Kegelart,homme,,003-02,LR,https://republicains.fr/actualites/2021/12/17/decision-de-la-commission-nationale-dinvestiture-4/,
224,Sandra,Raponi,femme,,004-01,LR,https://republicains.fr/actualites/2022/02/16/decision-de-la-commission-nationale-dinvestiture-7/,
13,Kevin,Para,homme,,005-01,LR,https://republicains.fr/actualites/2021/10/21/decision-de-la-commission-nationale-dinvestiture-du-mercredi-20-octobre/,
14,Carole,Chauvet,femme,,005-02,LR,https://republicains.fr/actualites/2021/10/21/decision-de-la-commission-nationale-dinvestiture-du-mercredi-20-octobre/,
201,Marc-Antoine,Quenette,homme,,007-02,LR,https://republicains.fr/actualites/2021/12/17/decision-de-la-commission-nationale-dinvestiture-4/,
75,Stéphanie,Fraenkel,femme,,010-01,LR,https://republicains.fr/actualites/2021/11/24/decision-de-la-commission-nationale-dinvestiture-2/,
225,Baptiste,Gatouillat,homme,,010-03,LR,https://republicains.fr/actualites/2022/02/16/decision-de-la-commission-nationale-dinvestiture-7/,
226,Laurent,Perez,homme,,011-01,LR,https://republicains.fr/actualites/2022/02/16/decision-de-la-commission-nationale-dinvestiture-7/,
227,Quentin,Estrade,homme,,011-02,"LR,Les Centristes",https://republicains.fr/actualites/2022/02/16/decision-de-la-commission-nationale-dinvestiture-7/,
228,Frédéric,Garrigue,homme,,011-03,LR,https://republicains.fr/actualites/2022/02/16/decision-de-la-commission-nationale-dinvestiture-7/,
229,Magali,Bessaou,femme,,012-01,LR,https://republicains.fr/actualites/2022/02/16/decision-de-la-commission-nationale-dinvestiture-7/,
230,André,At,homme,,012-02,LR,https://republicains.fr/actualites/2022/02/16/decision-de-la-commission-nationale-dinvestiture-7/,
231,Christophe,Saint-Pierre,homme,,012-03,LR,https://republicains.fr/actualites/2022/02/16/decision-de-la-commission-nationale-dinvestiture-7/,
273,Sarah,Boualem,femme,,013-01,LR,https://republicains.fr/actualites/2022/02/16/decision-de-la-commission-nationale-dinvestiture-7/,
274,Sabine,Bernasconi,femme,,013-02,LR,https://republicains.fr/actualites/2022/02/16/decision-de-la-commission-nationale-dinvestiture-7/,
275,Patrick,Pappalardo,homme,,013-03,LR,https://republicains.fr/actualites/2022/02/16/decision-de-la-commission-nationale-dinvestiture-7/,
276,Solange,Biaggi,femme,,013-04,LR,https://republicains.fr/actualites/2022/02/16/decision-de-la-commission-nationale-dinvestiture-7/,
277,Maryline,Antoine,femme,,013-05,LR,https://republicains.fr/actualites/2022/02/16/decision-de-la-commission-nationale-dinvestiture-7/,
278,Didier,Réault,homme,,013-06,LR,https://republicains.fr/actualites/2022/02/16/decision-de-la-commission-nationale-dinvestiture-7/,
279,David,Ytier,homme,,013-08,LR,https://republicains.fr/actualites/2022/02/16/decision-de-la-commission-nationale-dinvestiture-7/,
232,Roland,Giberti,homme,,013-09,LR,https://republicains.fr/actualites/2022/02/16/decision-de-la-commission-nationale-dinvestiture-7/,
233,Serge,Perottino,homme,,013-10,LR,https://republicains.fr/actualites/2022/02/16/decision-de-la-commission-nationale-dinvestiture-7/,
280,Jean-Luc,Di Maria,homme,,013-13,LR,https://republicains.fr/actualites/2022/02/16/decision-de-la-commission-nationale-dinvestiture-7/,
281,Michel,Boulan,homme,,013-14,LR,https://republicains.fr/actualites/2022/02/16/decision-de-la-commission-nationale-dinvestiture-7/,
282,Marie-Pierre,Callet,femme,,013-16,LR,https://republicains.fr/actualites/2022/02/16/decision-de-la-commission-nationale-dinvestiture-7/,
49,Alice,Clergeau,femme,,016-01,LR,https://republicains.fr/actualites/2021/11/19/decision-de-la-commission-nationale-dinvestiture/,
50,Jean-Hubert,Lelièvre,homme,,016-02,LR,https://republicains.fr/actualites/2021/11/19/decision-de-la-commission-nationale-dinvestiture/,
51,David,Labiche,homme,,017-01,LR,https://republicains.fr/actualites/2021/11/19/decision-de-la-commission-nationale-dinvestiture/,
52,Bertrand,Giraud,homme,,017-02,LR,https://republicains.fr/actualites/2021/11/19/decision-de-la-commission-nationale-dinvestiture/,
53,Françoise,de Roffignac,femme,,017-03,LR,https://republicains.fr/actualites/2021/11/19/decision-de-la-commission-nationale-dinvestiture/,
76,David,Dallois,homme,,018-01,LR,https://republicains.fr/actualites/2021/11/24/decision-de-la-commission-nationale-dinvestiture-2/,
77,Adrien,Baert,homme,,018-02,LR,https://republicains.fr/actualites/2021/11/24/decision-de-la-commission-nationale-dinvestiture-2/,
78,Alix,Penloup,femme,,018-03,LR,https://republicains.fr/actualites/2021/11/24/decision-de-la-commission-nationale-dinvestiture-2/,
283,Bénédicte,de Choulot,femme,,018-03,LR,https://republicains.fr/actualites/2022/02/16/decision-de-la-commission-nationale-dinvestiture-7/,https://twitter.com/bene_dechoulot
234,Frédérique,Meunier,femme,,019-02,LR,https://republicains.fr/actualites/2022/02/16/decision-de-la-commission-nationale-dinvestiture-7/,
109,François-Xavier,Dugourd,homme,,021-01,LR,https://republicains.fr/actualites/2021/12/09/decision-de-la-commission-nationale-dinvestiture-3/,
110,Valérie,Grandet,femme,,021-03,LR,https://republicains.fr/actualites/2021/12/09/decision-de-la-commission-nationale-dinvestiture-3/,
111,Hubert,Brigand,homme,,021-04,LR,https://republicains.fr/actualites/2021/12/09/decision-de-la-commission-nationale-dinvestiture-3/,
284,Cyril,Victor,homme,,023-01,LR,https://republicains.fr/actualites/2022/02/16/decision-de-la-commission-nationale-dinvestiture-7/,
112,Elisabeth,Marty,femme,,024-01,LR,https://republicains.fr/actualites/2021/12/09/decision-de-la-commission-nationale-dinvestiture-3/,
113,Christophe,Rousseau,homme,,024-02,LR,https://republicains.fr/actualites/2021/12/09/decision-de-la-commission-nationale-dinvestiture-3/,
114,Myriam,Thomasson,femme,,024-03,LR,https://republicains.fr/actualites/2021/12/09/decision-de-la-commission-nationale-dinvestiture-3/,
115,Michel,Vienet,homme,,025-01,LR,https://republicains.fr/actualites/2021/12/09/decision-de-la-commission-nationale-dinvestiture-3/,
116,Chafia,Kaoulal,femme,,025-02,LR,https://republicains.fr/actualites/2021/12/09/decision-de-la-commission-nationale-dinvestiture-3/,
117,Christophe,Froppier,homme,,025-03,LR,https://republicains.fr/actualites/2021/12/09/decision-de-la-commission-nationale-dinvestiture-3/,
118,Mathieu,Bloch,homme,,025-04,LR,https://republicains.fr/actualites/2021/12/09/decision-de-la-commission-nationale-dinvestiture-3/,
79,Christophe,Alory,homme,,027-01,LR,https://republicains.fr/actualites/2021/11/24/decision-de-la-commission-nationale-dinvestiture-2/,
80,Francine,Maragliano,femme,,027-02,LR,https://republicains.fr/actualites/2021/11/24/decision-de-la-commission-nationale-dinvestiture-2/,
81,Thomas,Elexhauser,homme,,027-03,"Les Centristes,LR",https://republicains.fr/actualites/2021/11/24/decision-de-la-commission-nationale-dinvestiture-2/,
82,Marie-Dominique,Perchet,femme,,027-04,LR,https://republicains.fr/actualites/2021/11/24/decision-de-la-commission-nationale-dinvestiture-2/,
83,David,Daverton,homme,,027-05,LR,https://republicains.fr/actualites/2021/11/24/decision-de-la-commission-nationale-dinvestiture-2/,
119,Valérie,Lecerf-Livet,femme,,029-01,LR,https://republicains.fr/actualites/2021/12/09/decision-de-la-commission-nationale-dinvestiture-3/,
120,Marie-Claire,Hénaff,femme,,029-04,LR,https://republicains.fr/actualites/2021/12/09/decision-de-la-commission-nationale-dinvestiture-3/,
121,Gaëlle,Nicolas,femme,,029-06,LR,https://republicains.fr/actualites/2021/12/09/decision-de-la-commission-nationale-dinvestiture-3/,
122,Eric,Le Guen,homme,,029-07,LR,https://republicains.fr/actualites/2021/12/09/decision-de-la-commission-nationale-dinvestiture-3/,
123,Claire,Gourlaouen,femme,,029-08,LR,https://republicains.fr/actualites/2021/12/09/decision-de-la-commission-nationale-dinvestiture-3/,
84,Véronique,Gardeur-Bancel,femme,,030-01,LR,https://republicains.fr/actualites/2021/11/24/decision-de-la-commission-nationale-dinvestiture-2/,
85,Frédéric,Touzelier,homme,,030-02,LR,https://republicains.fr/actualites/2021/11/24/decision-de-la-commission-nationale-dinvestiture-2/,
86,Blandine,Arnaud,femme,,030-03,LR,https://republicains.fr/actualites/2021/11/24/decision-de-la-commission-nationale-dinvestiture-2/,
87,Max,Roustan,homme,,030-04,LR,https://republicains.fr/actualites/2021/11/24/decision-de-la-commission-nationale-dinvestiture-2/,
88,Léa,Boyer,femme,,030-05,LR,https://republicains.fr/actualites/2021/11/24/decision-de-la-commission-nationale-dinvestiture-2/,
89,François,Courdil,homme,,030-06,LR,https://republicains.fr/actualites/2021/11/24/decision-de-la-commission-nationale-dinvestiture-2/,
1,Maxime,Boyer,homme,,031-01,LR,https://republicains.fr/actualites/2021/10/21/decision-de-la-commission-nationale-dinvestiture-du-mercredi-20-octobre/,
2,Christine,Gennaro-Saint,femme,,031-02,LR,https://republicains.fr/actualites/2021/10/21/decision-de-la-commission-nationale-dinvestiture-du-mercredi-20-octobre/,
3,Laurence,Arribagé,femme,,031-03,LR,https://republicains.fr/actualites/2021/10/21/decision-de-la-commission-nationale-dinvestiture-du-mercredi-20-octobre/,
4,Bertrand,Serp,homme,,031-04,LR,https://republicains.fr/actualites/2021/10/21/decision-de-la-commission-nationale-dinvestiture-du-mercredi-20-octobre/,
5,Jean-Christophe,Cheronnet,homme,,031-05,LR,https://republicains.fr/actualites/2021/10/21/decision-de-la-commission-nationale-dinvestiture-du-mercredi-20-octobre/,
6,Christophe,Alves,homme,,031-06,LR,https://republicains.fr/actualites/2021/10/21/decision-de-la-commission-nationale-dinvestiture-du-mercredi-20-octobre/,
7,Michel,Ajoulat,homme,,031-07,LR,https://republicains.fr/actualites/2021/10/21/decision-de-la-commission-nationale-dinvestiture-du-mercredi-20-octobre/,
285,Polina,Baules,femme,,031-08,LR,https://republicains.fr/actualites/2022/02/16/decision-de-la-commission-nationale-dinvestiture-7/,
8,Cécile,Dufraisse,femme,,031-09,LR,https://republicains.fr/actualites/2021/10/21/decision-de-la-commission-nationale-dinvestiture-du-mercredi-20-octobre/,
9,Stéphanie,Respaud-Hezard,femme,,031-10,LR,https://republicains.fr/actualites/2021/10/21/decision-de-la-commission-nationale-dinvestiture-du-mercredi-20-octobre/,
90,Fabienne,Dore,femme,,032-01,LR,https://republicains.fr/actualites/2021/11/24/decision-de-la-commission-nationale-dinvestiture-2/,
91,Michel,Gabas,homme,,032-02,LR,https://republicains.fr/actualites/2021/11/24/decision-de-la-commission-nationale-dinvestiture-2/,
124,Nicolas,Florian,homme,,033-01,LR,https://republicains.fr/actualites/2021/12/09/decision-de-la-commission-nationale-dinvestiture-3/,
286,Emmanuelle,Cuny,femme,,033-02,LR,https://republicains.fr/actualites/2022/02/16/decision-de-la-commission-nationale-dinvestiture-7/,
125,Marion,Lafuente,femme,,033-03,LR,https://republicains.fr/actualites/2021/12/09/decision-de-la-commission-nationale-dinvestiture-3/,
126,Viviane,Chaine-Ribeiro,femme,,033-05,LR,https://republicains.fr/actualites/2021/12/09/decision-de-la-commission-nationale-dinvestiture-3/,
127,Thomas,Dovichi,homme,,033-06,LR,https://republicains.fr/actualites/2021/12/09/decision-de-la-commission-nationale-dinvestiture-3/,
128,Benoît,Rautureau,homme,,033-07,LR,https://republicains.fr/actualites/2021/12/09/decision-de-la-commission-nationale-dinvestiture-3/,
129,Yves,Foulon,homme,,033-08,LR,https://republicains.fr/actualites/2021/12/09/decision-de-la-commission-nationale-dinvestiture-3/,
130,René,Cardoit,homme,,033-09,LR,https://republicains.fr/actualites/2021/12/09/decision-de-la-commission-nationale-dinvestiture-3/,
131,Jacques,Breillat,homme,,033-10,LR,https://republicains.fr/actualites/2021/12/09/decision-de-la-commission-nationale-dinvestiture-3/,
132,Bruna Carla,Vallivero-Belmondo,femme,,033-11,LR,https://republicains.fr/actualites/2021/12/09/decision-de-la-commission-nationale-dinvestiture-3/,
287,Cécile,Picard,femme,,033-11,LR,https://republicains.fr/actualites/2022/02/16/decision-de-la-commission-nationale-dinvestiture-7/,
133,Christiane,Dulong,femme,,033-12,LR,https://republicains.fr/actualites/2021/12/09/decision-de-la-commission-nationale-dinvestiture-3/,
288,Bastien,Mercier,homme,,033-12,LR,https://republicains.fr/actualites/2022/02/16/decision-de-la-commission-nationale-dinvestiture-7/,
134,Michel,Garcia,homme,,034-04,LR,https://republicains.fr/actualites/2021/12/09/decision-de-la-commission-nationale-dinvestiture-3/,
135,Lewis,Marchand,homme,,034-05,LR,https://republicains.fr/actualites/2021/12/09/decision-de-la-commission-nationale-dinvestiture-3/,
289,Florence,Taillade,femme,,034-06,LR,https://republicains.fr/actualites/2022/02/16/decision-de-la-commission-nationale-dinvestiture-7/,
290,Yves,Michel,homme,,034-07,LR,https://republicains.fr/actualites/2022/02/16/decision-de-la-commission-nationale-dinvestiture-7/,
136,Nathalie,Lefeuvre,femme,,034-08,LR,https://republicains.fr/actualites/2021/12/09/decision-de-la-commission-nationale-dinvestiture-3/,
137,Virginie,Rage-Andrieu,femme,,034-09,LR,https://republicains.fr/actualites/2021/12/09/decision-de-la-commission-nationale-dinvestiture-3/,
291,Anaïs,Jéhanno,femme,,035-02,LR,https://republicains.fr/actualites/2022/02/16/decision-de-la-commission-nationale-dinvestiture-7/,
292,Mélina,Parmentier,femme,,035-03,LR,https://republicains.fr/actualites/2022/02/16/decision-de-la-commission-nationale-dinvestiture-7/,
293,Alix,Fruchon,femme,,036-01,LR,https://republicains.fr/actualites/2022/02/16/decision-de-la-commission-nationale-dinvestiture-7/,
294,Nicolas,Forissier,homme,,036-02,LR,https://republicains.fr/actualites/2022/02/16/decision-de-la-commission-nationale-dinvestiture-7/,
295,Olivier,Lebreton,homme,,037-01,LR,https://republicains.fr/actualites/2022/02/16/decision-de-la-commission-nationale-dinvestiture-7/,
296,Sveltana,Nicolaeff,femme,,037-02,LR,https://republicains.fr/actualites/2022/02/16/decision-de-la-commission-nationale-dinvestiture-7/,
297,Sophie,Métadier,femme,checked,037-03,"UDI,LR",https://republicains.fr/actualites/2022/02/16/decision-de-la-commission-nationale-dinvestiture-7/,
298,Sophie,Lagrée,femme,,037-04,LR,https://republicains.fr/actualites/2022/02/16/decision-de-la-commission-nationale-dinvestiture-7/,
299,Fabrice,Boigard,homme,,037-05,LR,https://republicains.fr/actualites/2022/02/16/decision-de-la-commission-nationale-dinvestiture-7/,
300,Benjamin,Marraud des Grottes,homme,,039-01,LR,https://republicains.fr/actualites/2022/02/16/decision-de-la-commission-nationale-dinvestiture-7/,
301,Justine,Gruet,femme,,039-03,LR,https://republicains.fr/actualites/2022/02/16/decision-de-la-commission-nationale-dinvestiture-7/,
138,Marie-Christine,Harambat,femme,,040-01,LR,https://republicains.fr/actualites/2021/12/09/decision-de-la-commission-nationale-dinvestiture-3/,
202,Marc,Vernier,homme,,040-02,LR,https://republicains.fr/actualites/2021/12/17/decision-de-la-commission-nationale-dinvestiture-4/,
302,Marion,Berginiat,femme,,040-03,LR,https://republicains.fr/actualites/2022/02/16/decision-de-la-commission-nationale-dinvestiture-7/,
303,Malik,Benakcha,homme,,041-01,LR,https://republicains.fr/actualites/2022/02/16/decision-de-la-commission-nationale-dinvestiture-7/,
304,Pascal,Brindeau,homme,checked,041-03,"UDI,LR",https://republicains.fr/actualites/2022/02/16/decision-de-la-commission-nationale-dinvestiture-7/,
20,Marie-Camille,Rey,femme,,042-01,LR,https://republicains.fr/actualites/2021/10/27/decision-de-la-commission-nationale-dinvestiture-du-mardi-26-octobre/,
21,Laura,Cinieri,femme,,042-02,LR,https://republicains.fr/actualites/2021/10/27/decision-de-la-commission-nationale-dinvestiture-du-mardi-26-octobre/,
22,Axel,Dugua,homme,,042-03,LR,https://republicains.fr/actualites/2021/10/27/decision-de-la-commission-nationale-dinvestiture-du-mardi-26-octobre/,
23,Antoine,Vermorel,homme,,042-05,LR,https://republicains.fr/actualites/2021/10/27/decision-de-la-commission-nationale-dinvestiture-du-mardi-26-octobre/,
24,Jean-Pierre,Taite,homme,,042-06,LR,https://republicains.fr/actualites/2021/10/27/decision-de-la-commission-nationale-dinvestiture-du-mardi-26-octobre/,
139,Stéphanie,Houël,femme,,044-01,LR,https://republicains.fr/actualites/2021/12/09/decision-de-la-commission-nationale-dinvestiture-3/,
305,Anthony,Béraud,homme,,044-01,LR,https://republicains.fr/actualites/2022/02/16/decision-de-la-commission-nationale-dinvestiture-7/,
140,Foulques,Chombart de Lauwe,homme,,044-02,LR,https://republicains.fr/actualites/2021/12/09/decision-de-la-commission-nationale-dinvestiture-3/,
141,Sophie,Van Goethem,femme,,044-03,LR,https://republicains.fr/actualites/2021/12/09/decision-de-la-commission-nationale-dinvestiture-3/,
142,Sophie,Pavageau,femme,,044-04,LR,https://republicains.fr/actualites/2021/12/09/decision-de-la-commission-nationale-dinvestiture-3/,
143,Alain,Hunault,homme,,044-06,LR,https://republicains.fr/actualites/2021/12/09/decision-de-la-commission-nationale-dinvestiture-3/,
306,François,Guyot,homme,,044-06,LR,https://republicains.fr/actualites/2022/02/16/decision-de-la-commission-nationale-dinvestiture-7/,
144,Bertrand,Plouvier,homme,,044-07,LR,https://republicains.fr/actualites/2021/12/09/decision-de-la-commission-nationale-dinvestiture-3/,
145,Andréa,Porcher,femme,,044-08,LR,https://republicains.fr/actualites/2021/12/09/decision-de-la-commission-nationale-dinvestiture-3/,
146,Charlotte,Luquiau,femme,,044-10,LR,https://republicains.fr/actualites/2021/12/09/decision-de-la-commission-nationale-dinvestiture-3/,
15,François,Lagarde,homme,,045-02,LR,https://republicains.fr/actualites/2021/10/21/decision-de-la-commission-nationale-dinvestiture-du-mercredi-20-octobre/,
16,Ariel,Levy,homme,,045-04,LR,https://republicains.fr/actualites/2021/10/21/decision-de-la-commission-nationale-dinvestiture-du-mercredi-20-octobre/,
17,Maxime,Buizard-Blondeau,homme,,045-05,LR,https://republicains.fr/actualites/2021/10/21/decision-de-la-commission-nationale-dinvestiture-du-mercredi-20-octobre/,
18,Chrystel,de Filippi,femme,,045-06,LR,https://republicains.fr/actualites/2021/10/21/decision-de-la-commission-nationale-dinvestiture-du-mercredi-20-octobre/,
307,Louis,Bontemps,homme,,046-02,LR,https://republicains.fr/actualites/2022/02/16/decision-de-la-commission-nationale-dinvestiture-7/,
147,Martine,Calzavara,femme,,047-02,LR,https://republicains.fr/actualites/2021/12/09/decision-de-la-commission-nationale-dinvestiture-3/,
148,Jean-Louis,Costes,homme,,047-03,LR,https://republicains.fr/actualites/2021/12/09/decision-de-la-commission-nationale-dinvestiture-3/,
149,Roch,Brancour,homme,,049-01,LR,https://republicains.fr/actualites/2021/12/09/decision-de-la-commission-nationale-dinvestiture-3/,
150,Maxence,Henry,homme,,049-02,LR,https://republicains.fr/actualites/2021/12/09/decision-de-la-commission-nationale-dinvestiture-3/,
151,Régine,Catin,femme,,049-04,LR,https://republicains.fr/actualites/2021/12/09/decision-de-la-commission-nationale-dinvestiture-3/,
308,Marie-Hélène,Paty,femme,,053-01,LR,https://republicains.fr/actualites/2022/02/16/decision-de-la-commission-nationale-dinvestiture-7/,
235,François,Ars,homme,,056-01,LR,https://republicains.fr/actualites/2022/02/16/decision-de-la-commission-nationale-dinvestiture-7/,
236,Sophie,Lemoulinier,femme,,056-02,LR,https://republicains.fr/actualites/2022/02/16/decision-de-la-commission-nationale-dinvestiture-7/,
237,Soizic,Perrault,femme,,056-03,LR,https://republicains.fr/actualites/2022/02/16/decision-de-la-commission-nationale-dinvestiture-7/,
238,Guillaume,Kiefer,homme,,056-06,LR,https://republicains.fr/actualites/2022/02/16/decision-de-la-commission-nationale-dinvestiture-7/,
152,Marie-Louise,Kuntz,femme,,057-01,LR,https://republicains.fr/actualites/2021/12/09/decision-de-la-commission-nationale-dinvestiture-3/,
153,Thierry,Hory,homme,,057-02,LR,https://republicains.fr/actualites/2021/12/09/decision-de-la-commission-nationale-dinvestiture-3/,
154,Nathalie,Colin-Oesterlé,femme,,057-03,"LR,Les Centristes",https://republicains.fr/actualites/2021/12/09/decision-de-la-commission-nationale-dinvestiture-3/,
239,Guy-Noël,Sellière,homme,,059-01,LR,https://republicains.fr/actualites/2022/02/16/decision-de-la-commission-nationale-dinvestiture-7/,
240,Caroline,Boisard-Vannier,femme,,059-02,LR,https://republicains.fr/actualites/2022/02/16/decision-de-la-commission-nationale-dinvestiture-7/,
241,Nicolas,Leblanc,homme,,059-03,LR,https://republicains.fr/actualites/2022/02/16/decision-de-la-commission-nationale-dinvestiture-7/,
242,Luc,Foutry,homme,,059-06,LR,https://republicains.fr/actualites/2022/02/16/decision-de-la-commission-nationale-dinvestiture-7/,
243,Amine,Elbahi,homme,,059-08,LR,https://republicains.fr/actualites/2022/02/16/decision-de-la-commission-nationale-dinvestiture-7/,
244,Nicolas,Papiachvili,homme,,059-09,LR,https://republicains.fr/actualites/2022/02/16/decision-de-la-commission-nationale-dinvestiture-7/,
245,Claudine,Hue,homme,,059-10,LR,https://republicains.fr/actualites/2022/02/16/decision-de-la-commission-nationale-dinvestiture-7/,
246,Michel,Plouy,homme,,059-11,LR,https://republicains.fr/actualites/2022/02/16/decision-de-la-commission-nationale-dinvestiture-7/,
247,Claude,Dupont,homme,,059-12,LR,https://republicains.fr/actualites/2022/02/16/decision-de-la-commission-nationale-dinvestiture-7/,https://twitter.com/claudedupont59
248,Véronique,de Miribel,femme,,059-13,LR,https://republicains.fr/actualites/2022/02/16/decision-de-la-commission-nationale-dinvestiture-7/,
249,Frédéric,Devos,homme,,059-14,LR,https://republicains.fr/actualites/2022/02/16/decision-de-la-commission-nationale-dinvestiture-7/,
250,Caroline,Landtsheere ,femme,,059-15,LR,https://republicains.fr/actualites/2022/02/16/decision-de-la-commission-nationale-dinvestiture-7/,
251,Mady,Dorchies-Brillon,femme,,059-16,LR,https://republicains.fr/actualites/2022/02/16/decision-de-la-commission-nationale-dinvestiture-7/,
252,Cédric,Noulin,homme,,059-19,LR,https://republicains.fr/actualites/2022/02/16/decision-de-la-commission-nationale-dinvestiture-7/,
253,Isabelle,Lecoeuvre,femme,,059-20,LR,https://republicains.fr/actualites/2022/02/16/decision-de-la-commission-nationale-dinvestiture-7/,
10,Ludovic,Castanié,homme,,060-02,LR,https://republicains.fr/actualites/2021/10/21/decision-de-la-commission-nationale-dinvestiture-du-mercredi-20-octobre/,
11,Christophe,Dietrich,homme,,060-03,LR,https://republicains.fr/actualites/2021/10/21/decision-de-la-commission-nationale-dinvestiture-du-mercredi-20-octobre/,
12,Anne-Sophie,Fontaine,femme,,060-06,LR,https://republicains.fr/actualites/2021/10/21/decision-de-la-commission-nationale-dinvestiture-du-mercredi-20-octobre/,
203,Marie,Bernard,femme,,062-01,LR,https://republicains.fr/actualites/2021/12/17/decision-de-la-commission-nationale-dinvestiture-4/,
204,Emmanuelle,Lapouille-Flajolet,femme,,062-02,LR,https://republicains.fr/actualites/2021/12/17/decision-de-la-commission-nationale-dinvestiture-4/,
205,Claudine,Lambre,femme,,062-03,LR,https://republicains.fr/actualites/2021/12/17/decision-de-la-commission-nationale-dinvestiture-4/,
206,Faustine,Maliar,femme,,062-06,LR,https://republicains.fr/actualites/2021/12/17/decision-de-la-commission-nationale-dinvestiture-4/,
207,Jonathan,Truant,homme,,062-08,LR,https://republicains.fr/actualites/2021/12/17/decision-de-la-commission-nationale-dinvestiture-4/,
208,Clément,Huchette,homme,,062-09,LR,https://republicains.fr/actualites/2021/12/17/decision-de-la-commission-nationale-dinvestiture-4/,
209,Denis,Hocquet,homme,,062-11,LR,https://republicains.fr/actualites/2021/12/17/decision-de-la-commission-nationale-dinvestiture-4/,
210,Martine,Belot,femme,,062-12,LR,https://republicains.fr/actualites/2021/12/17/decision-de-la-commission-nationale-dinvestiture-4/,
254,Sébastien,Galpier,homme,,063-01,LR,https://republicains.fr/actualites/2022/02/16/decision-de-la-commission-nationale-dinvestiture-7/,
255,Marie-Anne,Marchis,femme,,063-03,LR,https://republicains.fr/actualites/2022/02/16/decision-de-la-commission-nationale-dinvestiture-7/,
256,Florence,Dubessy,femme,,063-04,LR,https://republicains.fr/actualites/2022/02/16/decision-de-la-commission-nationale-dinvestiture-7/,
25,Sandrine,Lafargue,femme,,064-01,LR,https://republicains.fr/actualites/2021/10/27/decision-de-la-commission-nationale-dinvestiture-du-mardi-26-octobre/,
26,Eric,Saubatte,homme,,064-02,LR,https://republicains.fr/actualites/2021/10/27/decision-de-la-commission-nationale-dinvestiture-du-mardi-26-octobre/,
27,Fabienne,Costedoat-Diu,femme,,064-03,LR,https://republicains.fr/actualites/2021/10/27/decision-de-la-commission-nationale-dinvestiture-du-mardi-26-octobre/,
28,Didier,Irigoin,homme,,064-04,LR,https://republicains.fr/actualites/2021/10/27/decision-de-la-commission-nationale-dinvestiture-du-mardi-26-octobre/,
29,Sandrine,Durruty,femme,,064-05,LR,https://republicains.fr/actualites/2021/10/27/decision-de-la-commission-nationale-dinvestiture-du-mardi-26-octobre/,
30,Fabrice-Sébastien,Bach,homme,,064-06,LR,https://republicains.fr/actualites/2021/10/27/decision-de-la-commission-nationale-dinvestiture-du-mardi-26-octobre/,
211,Romain,Giral,homme,,065-01,LR,https://republicains.fr/actualites/2021/12/17/decision-de-la-commission-nationale-dinvestiture-4/,
212,Véronique,Dutrey,femme,,065-02,LR,https://republicains.fr/actualites/2021/12/17/decision-de-la-commission-nationale-dinvestiture-4/,
31,Christine,Gavalda-Moulenat,femme,,066-01,LR,https://republicains.fr/actualites/2021/10/27/decision-de-la-commission-nationale-dinvestiture-du-mardi-26-octobre/,
32,David,Bret,homme,,066-02,LR,https://republicains.fr/actualites/2021/10/27/decision-de-la-commission-nationale-dinvestiture-du-mardi-26-octobre/,
33,Laurence,Martin,femme,,066-03,LR,https://republicains.fr/actualites/2021/10/27/decision-de-la-commission-nationale-dinvestiture-du-mardi-26-octobre/,
34,Bruno,Galan,homme,,066-04,LR,https://republicains.fr/actualites/2021/10/27/decision-de-la-commission-nationale-dinvestiture-du-mardi-26-octobre/,
309,Audrey,Rozenhaft,femme,,067-01,LR,https://republicains.fr/actualites/2022/02/16/decision-de-la-commission-nationale-dinvestiture-7/,
310,Jean-Philippe,Maurer,homme,,067-02,LR,https://republicains.fr/actualites/2022/02/16/decision-de-la-commission-nationale-dinvestiture-7/,
311,Jean-Philippe,Vetter,homme,,067-03,LR,https://republicains.fr/actualites/2022/02/16/decision-de-la-commission-nationale-dinvestiture-7/,
312,Eric,Amiet,homme,,067-04,LR,https://republicains.fr/actualites/2022/02/16/decision-de-la-commission-nationale-dinvestiture-7/,
313,Anne,Sander,femme,,067-08,LR,https://republicains.fr/actualites/2022/02/16/decision-de-la-commission-nationale-dinvestiture-7/,
35,Anne,Prost,femme,,069-01,LR,https://republicains.fr/actualites/2021/10/27/decision-de-la-commission-nationale-dinvestiture-du-mardi-26-octobre/,
36,Myriam,Fogel-Jedidi,femme,,069-02,LR,https://republicains.fr/actualites/2021/10/27/decision-de-la-commission-nationale-dinvestiture-du-mardi-26-octobre/,
37,Béatrice,de Montille,femme,,069-03,LR,https://republicains.fr/actualites/2021/10/27/decision-de-la-commission-nationale-dinvestiture-du-mardi-26-octobre/,
38,Pascal,Blache,homme,,069-04,LR,https://republicains.fr/actualites/2021/10/27/decision-de-la-commission-nationale-dinvestiture-du-mardi-26-octobre/,
39,Philippe,Cochet,homme,,069-05,LR,https://republicains.fr/actualites/2021/10/27/decision-de-la-commission-nationale-dinvestiture-du-mardi-26-octobre/,
40,Alexandre,Vincendet,homme,,069-07,LR,https://republicains.fr/actualites/2021/10/27/decision-de-la-commission-nationale-dinvestiture-du-mardi-26-octobre/,
41,Sophie,Cruz,femme,,069-10,LR,https://republicains.fr/actualites/2021/10/27/decision-de-la-commission-nationale-dinvestiture-du-mardi-26-octobre/,
42,Paul,Vidal,homme,,069-11,LR,https://republicains.fr/actualites/2021/10/27/decision-de-la-commission-nationale-dinvestiture-du-mardi-26-octobre/,
43,Jérôme,Moroge,homme,,069-12,LR,https://republicains.fr/actualites/2021/10/27/decision-de-la-commission-nationale-dinvestiture-du-mardi-26-octobre/,
44,Gilles,Gascon,homme,,069-13,LR,https://republicains.fr/actualites/2021/10/27/decision-de-la-commission-nationale-dinvestiture-du-mardi-26-octobre/,
45,Réjane,Cloupet,femme,,069-14,LR,https://republicains.fr/actualites/2021/10/27/decision-de-la-commission-nationale-dinvestiture-du-mardi-26-octobre/,
314,Dimitri,Doussot,homme,,070-01,LR,https://republicains.fr/actualites/2022/02/16/decision-de-la-commission-nationale-dinvestiture-7/,
213,Gilles,Platret,homme,,071-05,LR,https://republicains.fr/actualites/2021/12/17/decision-de-la-commission-nationale-dinvestiture-4/,
155,Fabienne,Labrette-Menager,femme,,072-01,LR,https://republicains.fr/actualites/2021/12/09/decision-de-la-commission-nationale-dinvestiture-3/,
156,François,Le Forestier,homme,,072-02,LR,https://republicains.fr/actualites/2021/12/09/decision-de-la-commission-nationale-dinvestiture-3/,
157,Béatrice,Latouche,femme,,072-03,LR,https://republicains.fr/actualites/2021/12/09/decision-de-la-commission-nationale-dinvestiture-3/,
158,Emmanuel,Franco,homme,,072-04,LR,https://republicains.fr/actualites/2021/12/09/decision-de-la-commission-nationale-dinvestiture-3/,
315,Aurélia,Gomila,femme,,074-01,LR,https://republicains.fr/actualites/2022/02/16/decision-de-la-commission-nationale-dinvestiture-7/,
316,Lionel,Tardy,homme,,074-02,LR,https://republicains.fr/actualites/2022/02/16/decision-de-la-commission-nationale-dinvestiture-7/,
317,Sophie,Dion,femme,,074-05,LR,https://republicains.fr/actualites/2022/02/16/decision-de-la-commission-nationale-dinvestiture-7/,
54,Vincent,Baladi,homme,,075-01,LR,https://republicains.fr/actualites/2021/11/19/decision-de-la-commission-nationale-dinvestiture/,
19,Quitterie,de Villepin,femme,,075-02,,https://avecquitterie.fr,
318,Jean-Pierre,Lecoq,homme,,075-02,LR,https://republicains.fr/actualites/2022/02/16/decision-de-la-commission-nationale-dinvestiture-7/,
55,Alix,Bougeret,femme,,075-03,LR,https://republicains.fr/actualites/2021/11/19/decision-de-la-commission-nationale-dinvestiture/,
56,Jean-Christophe,Martin,homme,,075-06,LR,https://republicains.fr/actualites/2021/11/19/decision-de-la-commission-nationale-dinvestiture/,
57,Aurélien,Véron,homme,,075-07,LR,https://republicains.fr/actualites/2021/11/19/decision-de-la-commission-nationale-dinvestiture/,
58,Valérie,Montandon,femme,,075-08,LR,https://republicains.fr/actualites/2021/11/19/decision-de-la-commission-nationale-dinvestiture/,
59,Jean-Baptiste,Olivier,homme,,075-09,LR,https://republicains.fr/actualites/2021/11/19/decision-de-la-commission-nationale-dinvestiture/,
60,Habib,Shoukry,homme,,075-10,LR,https://republicains.fr/actualites/2021/11/19/decision-de-la-commission-nationale-dinvestiture/,
61,Marie-Claire,Carrère-Gée,femme,,075-11,LR,https://republicains.fr/actualites/2021/11/19/decision-de-la-commission-nationale-dinvestiture/,
62,Francis,Szpiner,homme,,075-14,LR,https://republicains.fr/actualites/2021/11/19/decision-de-la-commission-nationale-dinvestiture/,
63,François-Marie,Didier,homme,,075-15,LR,https://republicains.fr/actualites/2021/11/19/decision-de-la-commission-nationale-dinvestiture/,
64,Marie,Toubiana,femme,,075-16,LR,https://republicains.fr/actualites/2021/11/19/decision-de-la-commission-nationale-dinvestiture/,
65,Angélique,Michel,femme,,075-17,LR,https://republicains.fr/actualites/2021/11/19/decision-de-la-commission-nationale-dinvestiture/,
66,Rudolph,Granier,homme,,075-18,LR,https://republicains.fr/actualites/2021/11/19/decision-de-la-commission-nationale-dinvestiture/,
159,Marie-Hélène,Roux,femme,,076-01,LR,https://republicains.fr/actualites/2021/12/09/decision-de-la-commission-nationale-dinvestiture-3/,
160,Jonas,Haddad,homme,,076-02,LR,https://republicains.fr/actualites/2021/12/09/decision-de-la-commission-nationale-dinvestiture-3/,
161,Eddy,Lefaux,homme,,076-05,LR,https://republicains.fr/actualites/2021/12/09/decision-de-la-commission-nationale-dinvestiture-3/,
162,Robin,Devogelaere,homme,,076-06,"LR,Les Centristes",https://republicains.fr/actualites/2021/12/09/decision-de-la-commission-nationale-dinvestiture-3/,
163,Jacques,Forestier,homme,,076-07,LR,https://republicains.fr/actualites/2021/12/09/decision-de-la-commission-nationale-dinvestiture-3/,
319,Ambre,Boreck,femme,,076-08,LR,https://republicains.fr/actualites/2022/02/16/decision-de-la-commission-nationale-dinvestiture-7/,
164,Pascal,Houbron,homme,,076-10,"LR,Les Centristes",https://republicains.fr/actualites/2021/12/09/decision-de-la-commission-nationale-dinvestiture-3/,
257,Denis,Jullemier,homme,,077-01,LR,https://republicains.fr/actualites/2022/02/16/decision-de-la-commission-nationale-dinvestiture-7/,
258,Isoline,Garreau,femme,,077-02,LR,https://republicains.fr/actualites/2022/02/16/decision-de-la-commission-nationale-dinvestiture-7/,
259,Nicolas,Caux,homme,,077-05,LR,https://republicains.fr/actualites/2022/02/16/decision-de-la-commission-nationale-dinvestiture-7/,
260,Hamida,Rezeg,femme,,077-06,LR,https://republicains.fr/actualites/2022/02/16/decision-de-la-commission-nationale-dinvestiture-7/,
261,Patrick,Jahier,homme,,077-07,LR,https://republicains.fr/actualites/2022/02/16/decision-de-la-commission-nationale-dinvestiture-7/,
262,Delphine,Mairiaux,femme,,077-08,LR,https://republicains.fr/actualites/2022/02/16/decision-de-la-commission-nationale-dinvestiture-7/,
263,Guy,Geoffroy,homme,,077-09,LR,https://republicains.fr/actualites/2022/02/16/decision-de-la-commission-nationale-dinvestiture-7/,
264,Ingrid,Caillis-Brandl,femme,,077-10,LR,https://republicains.fr/actualites/2022/02/16/decision-de-la-commission-nationale-dinvestiture-7/,
265,Alain,Auzet,homme,,077-11,LR,https://republicains.fr/actualites/2022/02/16/decision-de-la-commission-nationale-dinvestiture-7/,
165,Alexandra,Dublanche,femme,,078-05,LR,https://republicains.fr/actualites/2021/12/09/decision-de-la-commission-nationale-dinvestiture-3/,
166,Anne,Cabrit,femme,,078-10,LR,https://republicains.fr/actualites/2021/12/09/decision-de-la-commission-nationale-dinvestiture-3/,
266,Dominique,Six,homme,,079-01,LR,https://republicains.fr/actualites/2022/02/16/decision-de-la-commission-nationale-dinvestiture-7/,
267,Emilie,Baudrez,femme,,079-02,LR,https://republicains.fr/actualites/2022/02/16/decision-de-la-commission-nationale-dinvestiture-7/,
196,Mathilde,Roy,femme,,080-01,LR,https://republicains.fr/actualites/2021/12/17/decision-de-la-commission-nationale-dinvestiture-5/,
197,Aurélien,Caron,homme,,080-02,LR,https://republicains.fr/actualites/2021/12/17/decision-de-la-commission-nationale-dinvestiture-5/,
198,Martin,Domise,homme,,080-04,LR,https://republicains.fr/actualites/2021/12/17/decision-de-la-commission-nationale-dinvestiture-5/,
268,Rodolphe,Pirès,homme,,081-01,LR,https://republicains.fr/actualites/2022/02/16/decision-de-la-commission-nationale-dinvestiture-7/,
320,Guilhem,Carayon,homme,,081-03,LR,https://republicains.fr/actualites/2022/02/16/decision-de-la-commission-nationale-dinvestiture-7/,
269,Claude,Vigouroux,homme,,082-01,LR,https://republicains.fr/actualites/2022/02/16/decision-de-la-commission-nationale-dinvestiture-7/,
270,Michael,Sertain,homme,,082-02,LR,https://republicains.fr/actualites/2022/02/16/decision-de-la-commission-nationale-dinvestiture-7/,
214,Dominique,Brogi,femme,,084-01,LR,https://republicains.fr/actualites/2021/12/17/decision-de-la-commission-nationale-dinvestiture-4/,https://twitter.com/domiebrogi
92,Jean-Claude,Bouchet,homme,checked,084-02,LR,https://republicains.fr/actualites/2021/11/24/decision-de-la-commission-nationale-dinvestiture-2/,
321,Elisabeth,Amoros,femme,,084-02,LR,https://republicains.fr/actualites/2022/02/16/decision-de-la-commission-nationale-dinvestiture-7/,
215,Gilles,Vève,homme,,084-03,LR,https://republicains.fr/actualites/2021/12/17/decision-de-la-commission-nationale-dinvestiture-4/,
93,Roger,Rossin,homme,,084-04,LR,https://republicains.fr/actualites/2021/11/24/decision-de-la-commission-nationale-dinvestiture-2/,
94,Julien,Aubert,homme,checked,084-05,LR,https://republicains.fr/actualites/2021/11/24/decision-de-la-commission-nationale-dinvestiture-2/,
271,Yveline,Thibaud,femme,,085-05,LR,https://republicains.fr/actualites/2022/02/16/decision-de-la-commission-nationale-dinvestiture-7/,
167,Sylviane,Mauxion,femme,,086-01,LR,https://republicains.fr/actualites/2021/12/09/decision-de-la-commission-nationale-dinvestiture-3/,
168,Anthony,Lhermitte,homme,,086-02,LR,https://republicains.fr/actualites/2021/12/09/decision-de-la-commission-nationale-dinvestiture-3/,
169,Léonard,Zerbib,homme,,086-03,LR,https://republicains.fr/actualites/2021/12/09/decision-de-la-commission-nationale-dinvestiture-3/,
170,Anne-Laurence,Bourat,femme,,086-04,"LR,Les Centristes",https://republicains.fr/actualites/2021/12/09/decision-de-la-commission-nationale-dinvestiture-3/,
322,Jean-Marie,Bost,homme,,087-02,LR,https://republicains.fr/actualites/2022/02/16/decision-de-la-commission-nationale-dinvestiture-7/,
323,Gilles,Toulza,homme,,087-03,LR,https://republicains.fr/actualites/2022/02/16/decision-de-la-commission-nationale-dinvestiture-7/,
171,Gilles,Pirman,homme,,089-03,LR,https://republicains.fr/actualites/2021/12/09/decision-de-la-commission-nationale-dinvestiture-3/,
324,Michel,Zumkeller,homme,checked,090-02,"LR,UDI",https://republicains.fr/actualites/2022/02/16/decision-de-la-commission-nationale-dinvestiture-7/,
67,Samira,Ketfi,femme,,091-01,LR,https://republicains.fr/actualites/2021/11/19/decision-de-la-commission-nationale-dinvestiture/,
68,Bernard,Bouley,homme,,091-02,LR,https://republicains.fr/actualites/2021/11/19/decision-de-la-commission-nationale-dinvestiture/,
69,Isabelle,Perdereau,femme,,091-03,LR,https://republicains.fr/actualites/2021/11/19/decision-de-la-commission-nationale-dinvestiture/,
70,Jérémy,Martin,homme,,091-04,LR,https://republicains.fr/actualites/2021/11/19/decision-de-la-commission-nationale-dinvestiture/,
71,Chantal,Lacarrière,femme,,091-06,LR,https://republicains.fr/actualites/2021/11/19/decision-de-la-commission-nationale-dinvestiture/,
72,Robin,Reda,homme,checked,091-07,LR,https://republicains.fr/actualites/2021/11/19/decision-de-la-commission-nationale-dinvestiture/,
73,Véronique,Carantois,femme,,091-09,LR,https://republicains.fr/actualites/2021/11/19/decision-de-la-commission-nationale-dinvestiture/,
74,Nicolas,de Boishue,homme,,091-10,LR,https://republicains.fr/actualites/2021/11/19/decision-de-la-commission-nationale-dinvestiture/,
95,Abdelaziz,Bentaj,homme,,092-01,LR,https://republicains.fr/actualites/2021/11/24/decision-de-la-commission-nationale-dinvestiture-2/,
96,Marie-Dominique,Aeschlimann,femme,,092-02,LR,https://republicains.fr/actualites/2021/11/24/decision-de-la-commission-nationale-dinvestiture-2/,
272,Philippe,Juvin,homme,,092-03,LR,https://republicains.fr/actualites/2022/02/16/decision-de-la-commission-nationale-dinvestiture-7/,https://twitter.com/philippejuvin
97,Pierre,Chassat,homme,,092-05,LR,https://republicains.fr/actualites/2021/11/24/decision-de-la-commission-nationale-dinvestiture-2/,
98,Constance,Le Grip,femme,checked,092-06,LR,https://republicains.fr/actualites/2021/11/24/decision-de-la-commission-nationale-dinvestiture-2/,
99,Denis,Gabriel,homme,,092-07,LR,https://republicains.fr/actualites/2021/11/24/decision-de-la-commission-nationale-dinvestiture-2/,
100,Cécile,Richez,femme,,092-08,LR,https://republicains.fr/actualites/2021/11/24/decision-de-la-commission-nationale-dinvestiture-2/,
101,Marie-Laure,Godin,femme,,092-09,LR,https://republicains.fr/actualites/2021/11/24/decision-de-la-commission-nationale-dinvestiture-2/,
102,Sandrine,Bourg,femme,,092-10,LR,https://republicains.fr/actualites/2021/11/24/decision-de-la-commission-nationale-dinvestiture-2/,
103,Marie,Colavita,femme,,092-11,LR,https://republicains.fr/actualites/2021/11/24/decision-de-la-commission-nationale-dinvestiture-2/,
104,Jean-Didier,Berger,homme,,092-12,LR,https://republicains.fr/actualites/2021/11/24/decision-de-la-commission-nationale-dinvestiture-2/,
105,Henri,de Beauregard,homme,,092-13,LR,https://republicains.fr/actualites/2021/11/24/decision-de-la-commission-nationale-dinvestiture-2/,
172,Sophia,Bahri,femme,,093-01,LR,https://republicains.fr/actualites/2021/12/09/decision-de-la-commission-nationale-dinvestiture-3/,
173,Sinaa,Thabet,femme,,093-02,LR,https://republicains.fr/actualites/2021/12/09/decision-de-la-commission-nationale-dinvestiture-3/,
174,Marie-Blanche,Pietri,femme,,093-03,LR,https://republicains.fr/actualites/2021/12/09/decision-de-la-commission-nationale-dinvestiture-3/,
175,Marie-Claude,Goureau,femme,,093-04,LR,https://republicains.fr/actualites/2021/12/09/decision-de-la-commission-nationale-dinvestiture-3/,
176,Ling,Lenzi,homme,,093-06,LR,https://republicains.fr/actualites/2021/12/09/decision-de-la-commission-nationale-dinvestiture-3/,
177,Julien,Guillot,homme,,093-07,LR,https://republicains.fr/actualites/2021/12/09/decision-de-la-commission-nationale-dinvestiture-3/,
178,Alex,Bonneau,homme,,093-08,LR,https://republicains.fr/actualites/2021/12/09/decision-de-la-commission-nationale-dinvestiture-3/,
179,Roberson,Pierre,homme,,093-09,LR,https://republicains.fr/actualites/2021/12/09/decision-de-la-commission-nationale-dinvestiture-3/,
180,Franck,Barth,homme,,093-12,LR,https://republicains.fr/actualites/2021/12/09/decision-de-la-commission-nationale-dinvestiture-3/,
325,Germain,Roesch,homme,,094-01,LR,https://republicains.fr/actualites/2022/02/16/decision-de-la-commission-nationale-dinvestiture-7/,
216,Thierry,Hebbrecht,homme,,094-02,LR,https://republicains.fr/actualites/2021/12/17/decision-de-la-commission-nationale-dinvestiture-4/,
326,Didier,Gonzales,homme,,094-03,LR,https://republicains.fr/actualites/2022/02/16/decision-de-la-commission-nationale-dinvestiture-7/,
217,Marie-Carole,Ciuntu,femme,,094-04,LR,https://republicains.fr/actualites/2021/12/17/decision-de-la-commission-nationale-dinvestiture-4/,
218,Paul,Bazin,homme,,094-05,LR,https://republicains.fr/actualites/2021/12/17/decision-de-la-commission-nationale-dinvestiture-4/,https://twitter.com/paulbazin
219,Céline,Martin,femme,,094-06,LR,https://republicains.fr/actualites/2021/12/17/decision-de-la-commission-nationale-dinvestiture-4/,
220,Vincent,Jeanbrun,homme,,094-07,LR,https://republicains.fr/actualites/2021/12/17/decision-de-la-commission-nationale-dinvestiture-4/,
221,Michèle,Bonhomme-Afflatet,femme,,094-09,LR,https://republicains.fr/actualites/2021/12/17/decision-de-la-commission-nationale-dinvestiture-4/,
222,Yamina,Amzal,femme,,094-10,LR,https://republicains.fr/actualites/2021/12/17/decision-de-la-commission-nationale-dinvestiture-4/,
223,Mahrouf,Bounegta,homme,,094-11,LR,https://republicains.fr/actualites/2021/12/17/decision-de-la-commission-nationale-dinvestiture-4/,
181,Caroline,Berdou,femme,,095-02,LR,https://republicains.fr/actualites/2021/12/09/decision-de-la-commission-nationale-dinvestiture-3/,
182,Sarah,Nerozzi-Banfi,femme,,095-03,LR,https://republicains.fr/actualites/2021/12/09/decision-de-la-commission-nationale-dinvestiture-3/,
183,Patrick,Boullé,homme,,095-04,LR,https://republicains.fr/actualites/2021/12/09/decision-de-la-commission-nationale-dinvestiture-3/,
184,Gilles,Savry,homme,,095-05,LR,https://republicains.fr/actualites/2021/12/09/decision-de-la-commission-nationale-dinvestiture-3/,
185,Nicolas,Flament,homme,,095-06,LR,https://republicains.fr/actualites/2021/12/09/decision-de-la-commission-nationale-dinvestiture-3/,
186,Martine,Bidel,femme,,095-07,LR,https://republicains.fr/actualites/2021/12/09/decision-de-la-commission-nationale-dinvestiture-3/,
187,Anthony,Arciero,homme,,095-09,LR,https://republicains.fr/actualites/2021/12/09/decision-de-la-commission-nationale-dinvestiture-3/,
188,Patricia,José,femme,,095-10,LR,https://republicains.fr/actualites/2021/12/09/decision-de-la-commission-nationale-dinvestiture-3/,
327,Issihaka,Abdillah,homme,,976-01,LR,https://republicains.fr/actualites/2022/02/16/decision-de-la-commission-nationale-dinvestiture-7/,
328,Mansour,Kamardine,homme,,976-02,LR,https://republicains.fr/actualites/2022/02/16/decision-de-la-commission-nationale-dinvestiture-7/,
189,Bertrand,Dupont,homme,,999-02,LR,https://republicains.fr/actualites/2021/12/09/decision-de-la-commission-nationale-dinvestiture-3/,
190,Artus,Galiay,homme,,999-03,LR,https://republicains.fr/actualites/2021/12/09/decision-de-la-commission-nationale-dinvestiture-3/,
191,Laurent,Goater,homme,,999-04,LR,https://republicains.fr/actualites/2021/12/09/decision-de-la-commission-nationale-dinvestiture-3/,
192,Régine,Mazloum-Martin,femme,,999-06,LR,https://republicains.fr/actualites/2021/12/09/decision-de-la-commission-nationale-dinvestiture-3/,
193,Aurélie,Fondecave,femme,,999-07,LR,https://republicains.fr/actualites/2021/12/09/decision-de-la-commission-nationale-dinvestiture-3/,
194,Aurélie,Pirillo,femme,,999-10,LR,https://republicains.fr/actualites/2021/12/09/decision-de-la-commission-nationale-dinvestiture-3/,
195,Catya,Martin,femme,,999-11,LR,https://republicains.fr/actualites/2021/12/09/decision-de-la-commission-nationale-dinvestiture-3/,